{
  "optimal_sws": 3.3486604108,
  "optimal_ca": 1.0,
  "sws_values": [
    3.15,
    3.2249999999999996,
    3.3,
    3.375,
    3.4499999999999997
  ],
  "energy_values": [
    -400.655289,
    -400.659453,
    -400.66174,
    -400.661866,
    -400.660525
  ],
  "eos_type": "MO88",
  "eos_fits": {
    "morse": {
      "rwseq": 3.3486604108,
      "v_eq": 157.2902970476,
      "eeq": -400.6620318,
      "bulk_modulus": 36.25302214799
    }
  },
  "derived_parameters": {
    "optimal_sws_bohr": 3.3486604108,
    "optimal_ca": 1.0,
    "volume_per_atom_bohr3": 157.29029704611372,
    "total_volume_angstrom3": 23.308017285149138,
    "a_angstrom": 2.856505801872255,
    "c_angstrom": 2.856505801872255,
    "lattice_type": 2,
    "lattice_name": "Face-centered cubic"
  },
  "symmetric_fit_metadata": {
    "symmetric_selection_used": false,
    "initial_points": 5,
    "final_points": 5,
    "equilibrium_value": 3.3486604108,
    "equilibrium_in_range": true,
    "selected_indices": [
      0,
      1,
      2,
      3,
      4
    ],
    "warnings": [],
    "initial_fit_equilibrium": null
  }
}