{
  "optimal_sws": 2.703350653,
  "optimal_ca": 1.0,
  "sws_values": [
    2.515978903926613,
    2.539055827003536,
    2.562132750080459,
    2.585209673157382,
    2.6082865962343056,
    2.6313635193112286,
    2.6544404423881516,
    2.6775173654650746,
    2.7005942885419976,
    2.7236712116189206,
    2.746748134695844,
    2.769825057772767,
    2.79290198084969,
    2.815978903926613
  ],
  "energy_values": [
    -3310.039987,
    -3310.044758,
    -3310.048783,
    -3310.053544,
    -3310.055951,
    -3310.057799,
    -3310.059134,
    -3310.060268,
    -3310.060502,
    -3310.060364,
    -3310.059523,
    -3310.058583,
    -3310.057368,
    -3310.055092
  ],
  "eos_type": "MO88",
  "eos_fits": {
    "morse": {
      "rwseq": 2.703350653,
      "v_eq": 82.7552881168,
      "eeq": -3310.0605372803,
      "bulk_modulus": 137.30573728445
    }
  },
  "derived_parameters": {
    "optimal_sws_bohr": 2.703350653,
    "optimal_ca": 1.0,
    "volume_per_atom_bohr3": 82.75528811782655,
    "total_volume_angstrom3": 12.263068492535828,
    "a_angstrom": 2.3060376023452376,
    "c_angstrom": 2.3060376023452376,
    "lattice_type": 2,
    "lattice_name": "Face-centered cubic"
  }
}