{
  "optimal_sws": 2.6981572121,
  "optimal_ca": 1.0,
  "sws_values": [
    2.515978903926613,
    2.565978903926613,
    2.6159789039266133,
    2.665978903926613,
    2.715978903926613,
    2.765978903926613,
    2.815978903926613
  ],
  "energy_values": [
    -3310.039987,
    -3310.050533,
    -3310.056942,
    -3310.059999,
    -3310.060364,
    -3310.058583,
    -3310.055092
  ],
  "eos_type": "MO88",
  "eos_fits": {
    "morse": {
      "rwseq": 2.6981572121,
      "v_eq": 82.2792571253,
      "eeq": -3310.0605093431,
      "bulk_modulus": 134.63554002349
    }
  },
  "derived_parameters": {
    "optimal_sws_bohr": 2.6981572121,
    "optimal_ca": 1.0,
    "volume_per_atom_bohr3": 82.27925712849603,
    "total_volume_angstrom3": 12.192527977730077,
    "a_angstrom": 2.3016074445380483,
    "c_angstrom": 2.3016074445380483,
    "lattice_type": 2,
    "lattice_name": "Face-centered cubic"
  }
}